prison_number,crn,defendant_id
G3607UW,X744208,f89090fb-5189-4879-bf16-e022e1599ed8
G3188UW,X744299,d34fa6bf-0634-47f6-bd1b-37f551ae5da4
G7351UW,X744183,1d92f82e-9810-4c87-a728-d0e0870c4fd6
G3523UW,X744189,897782ec-632f-437b-839e-fd2496a14c85
G3415UW,X744213,c33f419c-2c12-45f1-a58f-56f64dba36fb
G7328UW,X744827,64d0fc47-5946-49a4-90fa-0f221858bd67
G3481UW,D001247,fba33ef0-1aa6-424a-84bf-5cc05a6ce2e6
G9011UW,D001251,5343936c-10f3-414c-b82d-9da93c86d505
G1288UW,D001295,76b1c9ab-f74f-4a01-bd13-36f27055d888
G1874UW,D001377,1ab6594e-2c5d-4102-916d-5be3924684a4
G3201UW,D001450,2805c14d-c1e8-4ad1-b1b1-862fec461b10
G1088UW,D002251,2d030bdd-888f-439e-ad95-7153f557b8a5
G1273UW,D002367,d0e54254-3a1b-4aaf-89b9-9b1bb28eeaf8
G7895UW,D002450,24fdfe72-f4e7-49ae-9f0d-3e50a5470dbc
G1814UW,D002575,397b9902-9f36-4057-bf64-fad69ab006a6
G1286UW,D002774,93a3a4a8-97c9-4744-9e42-acbc731f1044
G3206UW,D002798,527e214b-d2c4-4ba5-ac47-5bd53e088907
G7139UW,D002800,30a490a3-d20b-4237-a180-c586326860bb
G3940UW,D002911,8f55b89f-c208-4db6-b05a-b9e056ccd22a
G1187UW,D002921,f9212699-c845-43d6-b3c8-c6fedb46ca34
G1841UW,D002966,e10677eb-2f2c-4f2c-b0de-a3ee28de86b9
G1426UW,D002968,f54206ca-30db-4207-b8cb-c7853ae3ea1a
G1937UW,D003076,cd4cf568-6f0f-4dba-a801-3352ec6e8ffd
G2587VW,D003134,03048067-d62a-4053-b8e9-4ddd46b784ff
G7176UW,D003142,4fb9414c-df20-4d43-962f-d1c6f58ad3b2
G7606UW,D003146,ee59172a-d423-4278-a2e5-43b95e729313
G7424UW,D003973,9a857def-6b5e-4def-b613-f0c83d988706
G7807UW,D003978,219c0348-6b89-42a7-be3e-3f5ae085f8db
G3755UW,D003989,189a6b27-3c5c-40dc-a682-72ad9d46675f
G9063UW,D003992,5e9772bb-89c3-4ecf-9ead-8e58aa2bec75
G3434UW,D004059,15b72c7a-d41c-46ef-bd61-994fe5f1d240
G7683UW,D004068,0288a6cd-736f-4f05-bcfa-6b096946212a
A2546DZ,D004070,6d8182ac-88c2-4f2f-b890-7854cea3e17a
G7488UW,D004239,d333988d-227c-430e-8327-a1df7dcb0d47
G1592UW,D004242,71d586c9-58ca-4448-adda-684263c48101
G1593UW,D004247,2eee5729-3757-41da-917e-d6a7780a3246
G1943UW,D004254,2b020b7b-6edd-44d1-ac79-453498eae4c7
G7806UW,D004315,d791a71b-c6c3-4181-aae8-97d5581ccafb
G7884UW,D004317,53ac3bb7-ee6c-4b4c-9349-e0980d117a6d
G1987UW,D004394,147cf66b-0c7a-42c3-89c5-1f1644a600d7
G7022UW,D004398,66a1f116-e3d5-4e1e-b7af-af4e4fe0a922
G1882UW,D004402,cabd6c7d-b505-42de-ae2c-d6498c057d50
G7196UW,D004787,a1a96b6f-a190-459d-a013-7dfe4c6b1f7a
G7963UW,D004792,9c305821-1a66-4162-bb44-c3f6ddc46d33
G7006UW,D004802,c12302db-dfd9-46f4-aef5-082b4d3d4e1d
G1350UW,D004805,4a1babde-d7f5-45d9-a807-8ebd6d7d176f
G1311UW,D004806,23c97e16-7ccf-42f0-96ac-b5ff361f04bb
G1900UW,D005487,197e7988-a1be-4605-9a19-f60d5b98e624
G3288UW,D005489,acfb8d84-cdb1-4703-b4d6-98a43fa8e73a
G3869UW,D005494,3f5147a9-e756-45b5-a1aa-7a4d1be09cad
G3565UW,D005499,9e43337e-cbc7-4bdd-a8ef-9463d3626d8d
G0135UW,D005778,713ad32b-4bc0-4414-b710-7b6433ef6157
G8047UQ,D005867,e001ed01-873b-48c9-a1bc-a0933070641e
G4833UQ,D005868,72f9bcb9-64a1-4534-bff8-cc4f4fe25730
G0201UW,D006009,f6d1db52-22d1-4f29-801c-cf79202f78ba
G6204UW,D006010,6853e8b2-48e6-40a2-b8c6-0c6a749f7a65
G8263UQ,D006014,21bc2c2d-8680-4267-aa1d-f98fc98a4488
G0306UW,D006018,6bfe34f1-3706-464f-bd40-93c143576ef3
G0382UW,D006089,25194054-fef5-43d0-ba05-dce53353c54f
G4895UQ,D006115,3e3c4e77-d1f4-4e53-8127-80df1c024e64
G0006UW,D006118,eb5a1b5d-e6a7-4322-8534-e12edb3dff33
G6900UW,D006120,89ec9015-ae7f-49c1-8b83-ca399055c310
G8321UQ,D006178,f888e07e-40fa-4438-9221-7b4541a6d5c4
G6983UW,D006183,638886c8-43e4-48e6-9e79-c32e296ccd39
G0274UW,D006186,0e15b03f-0387-4150-89a8-ed411f6e209c
G8207UQ,D006193,881c183c-c5aa-4520-8227-68d3b1f99d82
G0067UW,D006196,bbe426f9-0001-4785-9bad-b196a530ba33
G8599UQ,D006198,596d9308-8097-416c-ba7e-1e3ab9767ad8
G8922UQ,D006263,5efbde62-8834-464a-9ad3-20f6ed74b12a
G8998UQ,D006269,d6c1f1b0-f517-4668-b128-2253eddafad4
G6419UW,D006312,318560fe-7005-4ab9-a5a5-72985e80e7d1
G8310UQ,D006314,45200388-4be4-4d29-8526-0ada32a33f57
G8755UQ,D006318,3bcd2f5c-f005-4780-9f1a-242e0c64868d
G0028UW,D006325,c2874dc0-587b-4097-a704-0cff7aae68e6
G8070UQ,D006374,0416fe1e-995c-456f-84a2-735b400de55f
G6208UW,D006377,38958252-3565-447e-ae56-854270a9b69f
G6972UW,D006378,4c2474e3-bd4f-4477-83c7-3faad371b709
G0523UW,D006383,c32dd692-88be-47e3-ae96-fc6fc564d9d6
G0432UW,D006385,8e26775c-4f0b-4e4c-8bbe-ce61f2da61da
G6045UW,D006468,4f72b0c5-6269-4bf1-b7f3-150e2ee59767
G0879UW,D006484,743e0a8e-9383-49c8-af9f-50faf25d0355
G8883UQ,D006489,f56e0d89-52c9-4949-a3c7-21d910c63e8a
G8500UQ,D006745,68a5d161-0ddb-4263-bf57-1cd97de621ab
G8548UQ,D006909,0fb2d336-e63a-44b0-8aab-dfe425d57be6
G6067UW,D006917,344f5271-0cd8-4e90-9e63-fddd530b0ff1
G0627UW,D006920,67984962-2342-4f32-a47a-69d2ffd6adcd
G6599UW,D006922,a4701466-6b0a-4a59-b729-33108bc7370e
G0670UW,D006979,1950acda-be60-4359-91b1-454d3cf8acb5
G6287UW,D006981,2f662686-66ca-45b2-8a56-1cd71a4f3fe7
G1003UW,D006983,33351908-a26f-4142-9700-d15839ccad44
G6100UW,D007013,1e28cdd4-3386-4a19-8ac6-415cc1ec3189
G8919UQ,D007016,ca175471-728b-44e6-8b03-53481433cb51
G6469UW,D007020,5561ad23-5777-4a4c-8b4f-19246d6b2113
G0169UW,D007021,6bb2f5f1-6dbe-485c-ab52-b6fe90f505d5
G8968UQ,D007030,34e5b915-0d5f-4570-be6b-6ce95eb247c2
G6554UW,D007091,8ae089e1-58aa-4ca3-a918-f76b0656b93e
G8999UQ,D007092,c1248a59-d9c8-4336-a9a6-8b8e94e101a6
G4409UQ,D007118,c43802f5-b606-4670-a86e-6b7a589f3904
G0324UW,D007120,573d3e55-d751-4f92-9026-616bd8c10751
G6927UW,D007121,a2ee357c-095a-4d51-9730-0b7aadb8d792
G1780UW,D007124,d0fdbb7b-76eb-4625-9c02-0aa74b41d3ae
G8034UQ,D007127,653646e4-ff5f-475c-ab4c-1df9a991927c
G1630UW,D007579,0327b821-90cf-4828-bd27-a7930639ab04
G5140UQ,D007581,aa9099b4-27a3-4bec-87c5-1b2d515f9c77
G9802UQ,D007588,3dd2aa44-53eb-4831-a15f-9b07723cca2c
G4197UQ,D007595,02947932-4bea-459f-bdd3-d8dadffbff98
G5793UQ,D007596,11a34ff9-654c-4ba4-969a-8b144ca7dfe1
G4157UQ,D007625,58be6743-a34a-4522-bc36-f5aaa10e05b2
G9292UQ,D007628,59e63b2b-bd62-4798-9e47-1b56a950b03a
G5646UQ,D007636,66266d6a-6ab0-4b4a-9009-e2281eba3f52
G9534UQ,D007638,d880c562-e6e8-45d1-80cf-85780ce3dfa6
G4491UQ,D007661,13bc40ca-749a-439a-af45-e3bebece2595
G4079UQ,D007684,6f393e8c-e257-4aa5-8dc5-3975a25d8152
G9754UQ,D007687,542d7d2f-6f39-4f25-9693-51d3b755ba11
G4266UQ,D007689,74a48cd9-8207-4fa5-b499-806e359f4a01
G9583UQ,D007703,7f57eaf9-9935-47bf-8a14-443314347326
G9490UQ,D007851,2ffb29cc-ebc4-40d7-b7df-19f9a5187d60
G5008UQ,D007940,ac4d7d46-ae64-4877-91e2-a29dd94da466
G9978UQ,D007941,f2e2aaaf-4e33-4979-94de-8b2a8946d1c1
G4563UQ,D007943,9c240738-b4d0-45f9-97dc-a8253969ec60
G4483UQ,D007947,d08f35a2-9c6c-4340-a1fa-61b788c5cbab
G9561UQ,D007960,443ae509-f32c-4731-80d5-2c0e050a8886
G5018UQ,D008645,5f10729a-b43e-4ff2-afb3-efcfd23964aa
G9438UQ,D008648,0660d1b2-67da-46ef-bdb0-dc1195b28d07
G2649UQ,D008656,f6ca2163-ff45-442b-96ca-e3cbc5b67827
G5459UQ,D008660,e902ab10-3f94-4fcc-8658-02bb72999bfd
G5531UQ,D008662,1fb0eaf3-72f9-40ff-bac7-0e2ed82c88fa
G5215UQ,D009524,525eeb7b-d725-454f-ace0-1c8868b269f9
G5795UQ,D009536,81bb79fb-6ccb-4d0a-ab92-b669e60b2d76
G5070UQ,D009542,7265292f-d446-4d2c-a3d1-8ded703ec5ee
G4610UQ,D009543,0319ea7d-fe72-4a4b-8bf1-9e4843f5e300
G2240UQ,D009588,dd1d0b95-3ab5-4efc-aca0-6f7ae56cc122
G5246UQ,D009592,ed08eb24-a3f6-4f46-af8f-960a276fe9ba
G5493UQ,D009599,5e8fcf7e-6884-4789-b6ff-260121155732
G5910UQ,X010419,5f500d62-8e2a-43c0-92ee-76cb3fb4c9d0
G2234UQ,X010423,d57d924f-656f-4053-bcbf-6cbfb03ea4be
G2685UQ,X010450,8d0132dc-6ed0-4df6-b293-cdbeba07fca1
G4670UQ,X010744,5c45a96c-b10f-4f7d-9a3e-1f89efc4c4fc
G2040UQ,X010946,ce9cae6c-cf92-4569-b848-18f16dd2da6e
G2772UQ,X011431,d2cf1356-9748-4184-91bf-9c5b4a0af7c8
G2087UQ,X011695,85cbc36e-3ceb-44b8-bf1d-41eaf460a7ef
G5940UQ,X012337,6e833670-5d72-42f5-b77e-0c29883ad858
G9295UQ,X012580,022f27c1-3cb3-4e18-a2f2-8daacfb9d667
G5632UQ,X056983,0a6bdfc3-25b9-4ea5-94ee-88643ab10a01
G2036UQ,X066851,c617d96e-17cd-4350-9375-9c5ae93d2c52
G4876UQ,X067012,814c4bf0-ae61-4623-b641-c899f2a8c4b2
G9887UQ,X067017,850e60b5-4304-424b-86e7-b456e8c3a83e
G5730UQ,X067110,f2004c43-f742-4f37-ad73-13742e262dac
G4866UQ,X067128,b4079b1b-c8dd-422d-9db0-62e1431c49e2
G4150UQ,X067466,5f35eaee-be74-4e07-82b0-bbd87394a89c
G9082UQ,X067905,dfee8a3c-3564-451c-a2a0-677b8a3635fd
G5407UQ,X068028,17d8fcd7-e5d0-40ca-b8e9-2c93f0b17477
G5484UQ,X068051,ac24a1ee-939b-49a4-a524-21a3d228f8bc
G7233UQ,X068113,dc24a1be-939b-49a4-a524-21a3d228f8bc
G9326UQ,X068135,0000c5e6-0dc7-4563-a2b0-9a9b5d2e1a4f
G3432UQ,X068733,8aef73a7-3137-4ac5-b2e5-4f8292df7347
G3716UQ,X069082,5ccfd3a9-7855-4ecb-a788-cbc49e46054d
G1132UQ,X069102,9407b97e-df86-4b9f-ad69-093d34f6f294
G9056UQ,X070170,c5700721-ae2e-45f1-92bd-ee0241a75044
G3334UQ,X070420,ccb9a5cc-e0f1-41c5-96b9-9af5e8a55020
G3391UQ,X070527,de0c9c90-9645-4adb-a16c-555afe1f02bc
G3441UQ,X070686,0fb76e1f-d8b8-427a-ac16-28762767b033
G9198UQ,X070761,69eb897e-f489-428d-8a2c-34094d7a4af8
G1922UQ,X071171,739e0858-814e-424a-93c3-6a6a0ab038c2
G3204UQ,X071959,456cf761-80a1-4629-8ab9-ad1992b66da3
G3793UQ,X072037,69b727b4-6e23-41f6-a762-ce64c2bbc80d
G1858UQ,X072217,e5459b5d-323f-46c7-a355-c1a4c29fe863
G7109UQ,X072895,3ea65718-dfac-47d6-be17-537f226e27de
G1508UQ,X073004,a352c03d-3327-431b-9c08-9bdfb8cd1114
G7695UQ,X073108,45aba2ed-5adc-451b-89ff-a23f476fd53e
G1624UQ,X073113,6e945d57-b379-4fb3-bc80-a18a5ea5057b
G1714UQ,X073383,f077a325-9fc3-4547-ad2b-74edbe1f26de
G1913UQ,X073523,cb888d6c-4019-4fe9-886f-62dd101ef42d
G3029UQ,X073577,111653e3-4de8-4f04-a9eb-a402d3d9f099
G1946UQ,X074346,3986328b-51ba-4f49-96ec-c30d3ca31b60
G3987UQ,X074357,183918eb-61d0-4fd0-bc7d-0f834b008a4b
G7789UQ,X074612,3defc1ce-9b37-4324-8a67-67b04d216072
G1793UQ,X075058,b8d7dfcf-32a9-4b16-9f4d-8edb2c08abec
G3981UQ,X075437,a9a5f55f-8493-4a2b-8bc5-cee421bb213c
G1550UQ,X075818,63e62f0c-867b-4499-aae8-2fc3ea2629ee
G1380UQ,X075945,9acf5abe-3e0b-44a3-90e6-334d897704df
G1375UQ,X075980,335b0f74-e3b0-401a-845d-00e42f869b33
G3933UQ,X076010,ac870827-312f-47c7-b5fa-b1e435ee096e
G0047UG,X076021,140df486-2fab-423a-9f98-b7a16b591f4c
G7339UQ,X076296,496cdb61-2701-41bd-b496-08cef9975a9b
G7393UQ,X076823,63dd025b-1be3-44ff-8315-614c601d8a66
G1619UQ,X076884,137f1bce-a7fb-4553-b30c-b2faf4afdee1
G1312UQ,X077081,461a238d-2598-4b01-9cde-861935566ec7
G0347UQ,X077502,c792a555-33b7-47b1-a1f0-b891a2543a06
G0735UQ,X077521,95a31a19-8980-44cb-8897-9dbb70d19e33
G0990UQ,X077548,20dc1613-3fc7-478c-a273-71aad2492850
G0309UQ,X077660,49bb658d-4434-452c-80a7-1ce5466a1981
G0784UQ,X077680,b593c208-80d2-42fb-91bc-19dc550aec12
G0900UQ,X077684,03514802-f0a0-407b-a571-29d3e2f10998
G3481UQ,X077928,d28e02d8-b04d-4062-88fb-5a1c5dd8897d
G3476UQ,X078084,ff4de85b-26ba-40ae-94fd-3896b5113b61
G0830UQ,X078299,80e4aaa4-d09f-43ae-987d-c0aebf937805
G0146UQ,X079183,aa74b471-ae85-4a3f-970d-e194fb6a7978
G0278UQ,X079364,fa93eaa2-22c7-4484-8553-e0dbd086db8c
G6825UQ,X079386,4c42f461-d22c-428e-b80f-b96c5fec02ae
G7617UQ,X079459,d2877caf-483f-49f0-803b-c662202fa09c
G7459UQ,X079460,f5f6f728-1b33-4074-abee-9c7774243216
G7473UQ,X079491,77b87b89-5dd4-4afa-a224-73182e309b6b
G7480UQ,X079683,f985c0ba-4c46-4f08-b687-83fb8ded1559
G4141UA,X079791,06aefda7-1392-4fbb-8361-a619e7490f68
G4035UA,X079802,c8e2ceb0-6873-4604-9935-912ebd76b7cb
G4201UA,X079807,ccd49a83-5cd3-41a6-80ea-e983caa68ce7
G8034UA,X079925,2752db1a-0a27-4619-b2f3-148216c9b0e0
G7194VI,X080157,fdc39100-5fff-4c65-a1ff-376721864963
G6613UQ,X080225,d1499736-07e0-4d0e-b7d4-390cbcdf65e9
G8100UA,X080739,f30dc1ac-905a-4c55-8abe-4f589352cdce
G8350GK,X080768,82caa161-bbd8-4eb7-9e75-4739c57c8d74
G8386UA,X080797,61c09f33-acf4-46d0-99fa-08f70405edcb
G2405UA,X080798,054b82d4-0ade-4ece-829a-dd5051732bf3
G0677UQ,X080873,c4d468b7-fafe-440f-92c4-5f6ebb5b8ee3
G2273UA,X080994,16a796d9-44a0-4a86-b2d4-6cf179662dfd
G6982UQ,X080999,ec44367f-e30e-4eb7-8006-2422313de1eb
G2140UA,X081002,5b403fb1-61de-46c4-be23-bf0c38401ded
G4637UA,X081163,aefc0d3a-6d3c-46b9-9678-45748b28f098
G6305UQ,X081220,81c3b799-e88f-4c56-8296-a7e61be347c4
G0609UQ,X081660,161390aa-b71a-4b99-9979-a3efcaf586dc
G8260UA,X081679,e698cf5a-5324-4862-9609-ee37b9d1b910
G6130UQ,X082553,5dcc04e6-f6d5-45de-a3f9-639c5bfe0b58
G2267UA,X082567,5d9eef2c-66a4-4f5f-8f82-01a5d5d53c83
G6565UQ,X083447,522e6c0e-01c0-43a5-904a-0338fd1f8a87
G6583UQ,X083530,d4a1c6c0-056e-47e1-85df-33b37ab4ba43
G4633UA,X084147,4f5b1798-98ee-49c8-b26f-3a27e265c576
G8008UA,X084654,a3866718-a5fc-4be8-b7ee-f789c5d9b4e9
G8835UA,X084712,908dac76-1f38-4858-a16b-0060af9ee3db
G2167UA,X085254,3b1af7a8-bda9-4808-aca5-fe4ce813a2b8
G4492UA,X090590,b620e7ee-2314-4fff-a645-a0c472c139a2
G2010UA,X099990,0e88b0ee-2867-4768-8dcb-fbc39fc71511
G8567UA,X184115,fa20662a-8045-446a-9f3f-055ca8b80037
G8223UA,X201857,0f162777-63e9-4b31-83b4-8bc5c5980b20
G6765UQ,X228151,dc016d12-0ba1-41e0-89cb-12e44dfdcad8
G8617UA,X236629,b2cde276-b9ab-4c43-b307-29b046052416
G6369UQ,X265497,d477f8b7-a01f-4ce7-a61a-687793ab7ffb
G8385UA,X311722,e72b1b31-fabc-4fbf-a539-0c4b798ab124
G8658UA,X311728,02fc8e28-bad7-47d1-ab62-676ccb751831
A5091DZ,X311923,c4264e46-1fea-44b3-a4c8-767a4b8af2bc
G8369UA,X311982,1a210a63-98ae-4c80-8b46-19bf54f1d628
G8366UA,X312110,b2c80166-9c05-4b4b-be06-02f55c227586
G8337UA,X312112,a0aacb41-8d25-4b13-a880-c38dabdd97b4
G6831UQ,X312209,d208942e-12c0-40bd-8e4d-02f0589c4b4d
G4962UA,X312225,1c6f4603-039b-4abd-bf7c-abf75a4dda88
G6917UQ,X312528,622e5464-3085-4648-9f8d-98e75ea80cc8
G4922UA,X312538,fda4619e-331a-4c7b-8ece-b76abafa4cb3
G6030UQ,X312576,2ec360e9-a7a2-447a-898e-9618f1f0aafc
G6019UQ,X312709,02ea3047-bac8-4238-9da5-457d2cb004c8
G6757UQ,X312713,098515d4-0bd4-4aa9-a9c9-8262d766b409
G4111UA,X312773,f66964b6-ab56-4e11-9c27-d129158d1e09
G6700UQ,X312777,1ff30076-3323-4df1-bf92-773eebcbe695
G6366UQ,X312951,cdb28705-cba1-4374-95db-98dc96a5fddf
G4553UA,X313254,9cbc88de-3143-4bd7-98f0-4153fd4fafbd
G4869UA,X313266,7313e94e-9fed-42a0-bef7-ac5509f31df4
G4571UA,X313353,b8cff5d6-a8ef-40ca-b1b3-28409e555258
G4740UA,X313530,c714cd93-516c-47db-90bd-baf11a1a7f75
G5358UA,X313536,26e355a5-e517-40bd-aa04-bb0a96c727a7
G9498UA,X313609,344dfc29-f006-42a3-be31-b718819b7865
G7259UA,X313612,9c7b12c7-00e3-4888-b361-b21e59f3ff3c
G9400UA,X313666,fffa6889-896f-4258-842c-ef506b37f010
G7901UA,X313846,f98e23eb-3e20-4071-8fee-aa13a0c6b93e
G7313UA,X314335,d2e31722-54c4-4a9e-b714-31805f9fd78b
G5645UA,X314366,0ec1f979-c5dc-4abc-a311-8d4d3574874b
G9900UA,X314888,6d3f3533-5ab6-4e0f-81f8-635aa6f684e0
G9675UA,X314895,426077b8-557d-47f1-aa8e-2b9ebace558e
G7318UA,X315275,b7a7cf43-7e9c-4dae-8255-f331fa60136d
G9230UA,X315381,2d3fa72c-bdd8-4ceb-99da-39a545f44d17
G7840UA,X315393,47f19e59-2a21-4b96-ab30-59f8b178b149
G9512UA,X315518,78e414fd-d083-4121-a40f-e1a0693f791c
G5393UA,X315819,92eaf10e-4493-4312-abcd-28410e093e1b
G5446UA,X315822,3416c429-ea61-46d4-8acb-9370cb321e4c
G9673UA,X315861,b3b1564f-2966-4853-ba89-077433fdd8df
G5466UA,X315996,1529cf83-7def-45af-a2a2-6976a226af18
G2203UA,X316018,824c139b-251f-4ff2-80c9-3603d3037da6
G5301UA,X316027,9bb13be6-6870-490c-a2b0-f0527c3a0c0b
G2994UA,X316305,df962996-173f-4898-8261-3e2d71450513
G2737UA,X316399,6db9fa12-06df-46f9-87e0-5c195db02471
G2187UA,X316543,34b41dbf-95b8-4446-a45d-5cb3f12e6110
G5722UA,X316651,3875f2f9-ebb8-44d7-94b8-640414bc202f
G5007UA,X316907,4bcab0ed-85d9-492f-8540-ec7634742897
G5984UA,X316918,f6e7e478-1974-4c3e-bde1-53acaf08c2ec
G5128UA,X316961,222ca469-baf7-404f-8e5e-b61e7690cf7d
G2570UA,X317013,d9875ba2-2997-4c07-9ac5-200d68d5abd8
G2573UA,X317082,59d1005d-f58f-4e32-acf7-fee00531a4dc
G2349UA,X317127,10ec3ae5-0f5f-457e-8856-1076ae35fd46
G2189UA,X317142,7fd472ce-33bb-4cfe-a8b3-98062a0dc6ec
G9651UA,X317371,687808ef-4814-4749-b13b-ed9ebbbb3315
G5113UA,X317583,9204bdc2-d2b8-4c77-8bac-a1855236f642
G5579UA,X317689,062ec5bf-12b8-45d8-b38a-cde642832cda
G9877UA,X317945,2f66a7eb-412d-495b-9a49-2a119ba4db7b
G5307UA,X318237,f1c1898f-bcd1-4d3e-997f-87b7a982ec31
G2487UA,X318548,25a2f821-fedd-4fb0-be8f-28590976dc0e
G9869UA,X318651,48ec6d1f-4f05-4624-b0b4-986666a3ca4e
G9862UA,X318735,409bc6bb-6c5b-471d-b07b-136463662aae
G9847UA,X318820,32803f1e-8ee5-4697-9fb3-27dc774168fd
G5692UA,X320811,db9c18c1-a099-442f-bebe-9164213e6cb0
G9857UA,X322370,ba527724-fb69-4b2c-962a-9d89a4dcb75b
G9284UA,X327772,385c0cf9-823c-4424-af3e-861cef5b714e
G9012UA,X339853,572a5589-eb2c-4ddf-b91d-970bfd283c86
G5218UA,X344223,0bce6ddd-f48f-4fe1-aeea-4d36fe004ebb
G5704UA,X344324,02f814df-b900-4bcb-af5a-5234d969d03a
G2271UA,X344369,bd2c8cec-7962-4dea-9781-70583e46d706
G5296UA,X345223,a66324eb-7a05-45f0-9be7-a19f485c669f
G9104UA,X347553,784d5306-d033-4f08-bb42-75b530544dea
G9055UA,X349420,c339a77c-fff5-4c6c-9d06-3231b2cf5481
G9628UA,X349463,2385b3ea-407a-4cf5-9986-0713d7f21773
G7895UA,X371564,9d308272-27c7-4217-bbd2-88a8bd3ab501
G0813UA,X373327,e6c75fcc-3c19-4261-8f60-e77c5fd02553
G1253UA,X378264,ce3211fe-86ff-472b-b8ea-a2a290b60a15
G1665UA,X387542,6c1846c4-735d-4eb3-81c9-5ff0064b9047
G3657UA,X392820,e61cf24f-54a2-4ad2-9e47-6a26fe533f82
G1266UA,X394514,4deb12ab-7f38-460d-97cf-391ae2fdea9a
G1037UA,X408458,f8b912c9-c5fc-455c-a834-a4828557a5e1
G1097UA,X409421,8cc18b8c-9d1f-418e-ae5b-39134e920771
G1809UA,X409423,81e72581-1e45-448e-b893-5770d936be5a
G3544UA,X411327,0034512d-df15-4e52-a770-b72d6a28bec9
G7060UA,X443892,2324f687-e2ec-4fdf-b2f8-681d8f43ce63
G3097UA,X467726,bf54f513-93cb-4347-92a7-f62d5a2ecbb3
G3297UA,X467899,0f9a4fdb-278e-4fd7-89ed-ed42c6d36bdd
G1213UA,X471401,ba8b3d9b-c460-47dc-9c92-048cee84bada
G7702UA,X471915,8014a9f0-0696-4b5e-8756-f12feafb4321
G3663UA,X472542,0c383d0e-4fda-4dc1-9436-b9c153836dbf
G7555UA,X473120,d19daf18-5a37-42fd-8cb5-fe6751c2ae21
G7828UA,X474944,1a564170-9832-4df8-9d76-4191694c70ad
G1840UA,X480420,fba9261e-2e53-4402-851a-fb0c8d673d5a
G3016UA,X492650,247cdc0f-1d25-4e70-83a1-85c3218e4db0
G3327UA,X494469,170d64a5-b63f-4915-b445-90c361422dab
G1691UA,X500399,51344824-92c9-4d3e-b29e-d121b662e840
G3728UA,X502527,48eb425f-f494-44b8-888f-474d68beccd5
G1073UA,X507985,2f1b3281-125e-434a-937f-15eb4680617b
G7108UA,X513303,0805b2ab-f368-4d5e-92bf-bd5eef84696a
G7020UA,X513928,36845af1-e305-43f3-a7cc-48f378810063
G3391UA,X515956,fb02244e-c7c9-4eb1-9b1a-00cd3c546caa
G1861UA,X521741,bbbf567f-ab83-4065-a427-9305455596de
G4923UG,X522865,038955eb-e17f-4dcd-aefa-0a67e1503a9c
G1398UA,X523988,143aff0e-f34d-4c3d-8cc6-9d3914945aca
G3520UA,X527225,0565d053-ac35-4412-8cd9-432bcfec911d
G1293UA,X528196,ae75c5bd-a8bb-4e83-8b48-a4ad85296f95
G1947UA,X537188,d25241fe-2f73-406d-abd5-7d1fd664cbad
G1974UA,X538784,4ad559d5-c596-4f56-b357-4d636edcafdb
G3469UA,X539657,06e62610-5c3b-4a3c-a11f-b809655a1a9e
G3702UA,X539701,a635a5e3-f1c7-492b-b866-12eb83ac7666
G1820UA,X540091,d520d4a5-5ca7-4a4d-873a-26f7366d9444
G1286UA,X543973,134ce298-7f41-4c1f-8abc-a55e82fe268f
G3604UA,X545568,207d8cee-e068-49bd-9592-366ad95b3d98
G1268UA,X546158,d582d4d4-27f1-4317-b0cc-15e0d852b494
G3666UA,X547255,34b0ab22-02f4-46ab-91a7-6ffa117df7db
G3061UA,X549666,448985eb-a883-4a88-84fa-b44aea70e070
G1410UA,X549701,4ea79aba-dcd1-43e4-b703-b614a629c3d1
G3139UA,X550741,e5f4465a-711d-4ebb-b6be-968a7525761a
G1860UA,X553213,136b2009-ae59-4a83-9cf3-944d8fa10521
G1701UA,X554337,14fd8dda-0259-4307-8815-b86cc73311bd
G1216UA,X554924,663a2417-11da-4bb4-acee-f7c0e752ebd2
G1693UA,X555101,ad50486c-ed0c-43f2-ab87-d98356c4189b
G3731UA,X555151,14020567-dec8-499b-a391-2674ff989805
G7674UA,X555163,c0ded92f-84fe-441d-a4c8-202299bd9dff
G7893UA,X555192,5fb6affa-43e8-48bc-8bae-85640e7a516a
G7078UA,X559953,6d30dc9d-fa75-49a2-b7c5-a8bf255e6c49
G4259UX,X560096,505a4aa1-1c41-4426-a836-5ec112066668
G8916UX,X560128,c4cf8fcd-eb2f-49a9-8808-726beb010769
G4579UX,X561755,5a77cbcb-5200-49b1-8e22-30ac38358101
G0449UA,X561812,8bf51afa-8458-48a5-a3bc-14c9dbdaf58f
G2071UX,X561826,b982a48d-26b3-42d2-8874-20dee9d6a534
G2924UX,X563587,3fdff70e-1a25-4e07-bcda-c723eaf8b5f8
G0802UA,X565410,fc96d375-6ee0-4875-acd9-c9276dc1a7ba
G8060UX,X565432,cf774f6c-3edb-47f1-bd00-07bc6ceba1ae
G0358UA,X566041,1d1541d8-3836-4baf-8713-2bacb2abbf53
G8948UX,X566141,2d4601ae-f815-49f7-a9ee-dffcd11d0bdc
G0607UA,X566145,41a8780b-eedc-4af1-b199-8bb3db5a89d0
G2244UX,X566745,af6e8333-0e0c-422f-b114-9fe9aa5d62c2
G8500UX,X568167,c6cf2429-9f16-4cf5-89d4-620e41587912
G6740UA,X569456,d6ba10a3-e8e0-42d1-b59a-c38c93ba205a
G4967UX,X569626,25775b94-7f0b-403c-be96-fbf51bea246e
G0885UA,X570446,3802d28d-44b4-4ad3-b3aa-f6ed8879c801
G6524UA,X573213,633dbae2-82e9-4117-b840-73e4016d672e
G0889UA,X574931,2296a737-dcc3-4e0a-bf9f-2a6e51a2b050
G4410UX,X575884,5894f7b9-3420-498f-864d-e80d2a9cabfa
G0204UA,X576888,81d1792f-5b91-4736-97d7-d62caa9747e2
G0567UA,X577993,627acb4a-1e92-40c2-b3bd-c0f5c430b56b
G6417UA,X579444,cd6d2d48-cb58-45c1-a04e-405e6bc449ae
G6642UA,X581427,21274bed-f895-4229-a64a-258d9a5a6131
G8352UX,X583686,47f19e59-2a21-4b96-ab30-59f8b1781111
G8299UX,X586858,47f19e59-2a21-4b96-ab30-59f8b1782222
G0413UA,X587678,47f19e59-2a21-4b96-ab30-59f8b1783333
G0346UA,X588536,47f19e59-2a21-4b96-ab30-59f8b1784444
G0299UA,X588539,33dc8525-a949-470d-be41-bd7e6fa76e1f
G0696UA,X589049,c08f0fbd-2f48-4574-83a6-d9482ac89241
G6653UA,X589258,1cc14176-b625-4234-b164-6ff3cd59c467
G4473UX,X589630,54361f7f-46bd-45c2-8465-9d586cfca59e
G4792UX,X589754,a0871af5-3801-44ac-bfa5-105031b98014
G4039UX,X589863,59f5c64a-fdc3-475c-9b89-e73baa3782bf
G0118UA,X590299,b1cb3d16-1198-4360-868c-027a00b0eb39
G0564UA,X590416,5c5d344e-b73c-445c-afac-ac7acc466802
G0828UA,X590484,25ea512b-89f3-4c22-8340-18a67f627248
G0791UA,X591548,69fc6649-5f56-461d-8241-0b5e6eea02b7
G8516UX,X592132,47f19e59-2a21-4b96-ab30-59f8b1787777
G4649UX,X592862,47f19e59-2a21-4b96-ab30-59f8b178888
G8032UX,X592879,29b19984-1ede-404d-a62f-b3543eb31f4d
G6832UA,X593180,324cefc8-d1d7-4366-ba26-93cc3052854e
G8562UX,X593213,d91f006c-4fe1-40fc-9f63-f5d0e78bbba1
G4103UX,X593214,b22c8589-6d5b-4cc6-8de1-1717a3db9365
G6529UA,X593783,04f544a6-7359-455c-bbb9-b86815f43b58
G6320UA,X593824,2ab70217-6ff1-4def-9f62-3188b9e4ba01
G6708UA,X594529,2c9db9e1-fb63-41b7-b198-12cf724fa162
G4045UX,X595586,ebc31227-e897-49f4-a91f-c559f3c17013
G4507UX,X595600,670d4de9-ce6a-4ab7-9983-1f5b67282f86
G8536UX,X595670,a52f91aa-0e80-4445-a479-a9e825f55b4a
G8333UX,X595703,3ae45738-54ab-4d73-beea-0ad0cf4a4c9d
G6891UA,X595791,87e738b7-afe4-4182-8de6-ae800e210704
G8653UX,X596239,76f3fa53-2fbb-4cc9-bdf6-397c5616b0fb
G9074UX,X596302,a8fe6c92-b175-46d6-906b-1892d18ee8d7
G5977UX,X596381,404b738f-0b16-4a08-ac0c-af0aa025b68d
G9865UX,X596409,c93b1a16-366f-47d1-a429-a2d6eaaf083d
G2708UX,X596411,8c0854bd-6e16-4b76-80e4-27d6b088cd46
G2075UX,X596877,4c7b571c-0fc2-45d5-9d8a-1efe1b7c0290
G9665UX,X597448,cb30859c-8764-4ec7-8444-7a190f06e239
G9077UX,X597966,c71b301e-ddce-4106-abdc-407d6e2a4786
G5333UX,X598530,8d68d5b8-5528-447e-9f06-d4d6f73ac094
G9146UX,X598547,846fff6d-3177-4e89-8705-887d279d3a37
G9310UX,X598667,7ff07fe6-7861-41c4-9f22-f319eaeb486f
G2210UX,X599114,2f0775a0-e3bd-4b6a-8ad0-e10f05947a5a
G5440UX,X599214,50cd1150-0fdd-4e44-b03a-5b04909359f7
G5420UX,X599242,b7b0a949-a70f-4ec3-a106-6c1198287b90
G5937UX,X599814,ea7e2381-140b-4db8-8033-ccc36f47d840
G0749VG,X599865,d8586baa-9d89-40e2-a917-8682e3a199e2
G5019UX,X599970,10fa7149-db69-4f80-9752-b2a03c10032b
G5479UX,X599992,17952722-1baa-4190-84c4-cbafc66b28e2
G9895UX,X600391,e3683926-f513-49b0-8745-29ea12aafa59
G5147UX,X600509,f712addb-3167-4944-b722-121e5eb93db9
G5874UX,X600522,dbafb5c9-3f20-46ff-9aa7-4e24cc9afde3
G2983UX,X600556,4a83daa8-0c12-4f98-a5d1-dcd69af945f5
G5556UX,X600710,72a93970-4766-4686-9042-27759519c5a3
G7145UX,X600722,d33f16a5-a92b-4f5c-b080-ada9ac0af4af
G2203UX,X600790,75295a24-e731-4a60-a4ab-7e699cc06548
G7917UX,X600843,8a8fa899-fb66-4ae3-8b1e-a7b2394146f5
G9726UX,X600871,cde0fc57-2b1b-4f1f-9589-a479df5dd46d
G7025UX,X600930,d2b69611-2040-4534-a692-6532d9676120
G7873UX,X600941,90b09007-dfbe-4f39-9b1b-ce4e0979d18f
G5298UX,X601037,556055fa-8aa3-4db2-85a0-be660fa5761f
G5513UX,X601103,00c9dd3b-51f1-4617-aced-0c10122f6612
G5303UX,X601115,84b0f599-6d1d-42d6-ac9f-c545be25e097
G5192UX,X601148,e5aeb642-7f78-4719-92bf-058aabc9fe79
G7961UX,X601195,a01001d6-dd7b-4bd1-a0d2-abb3a41293dd
G5033UX,X601232,4f57ebb7-7de0-434c-b489-7426e1c3727a
G7822UX,X601342,e1ec9224-28bf-4938-8298-7d8c1af69323
G5587UX,X601426,e33f9fef-26c6-4d69-ab2d-183f77eb43d6
G9697UX,X601436,e12e9a61-f059-46a0-abb1-33ec58b92fa4
G7210UX,X602010,1695c48f-8848-40d0-b212-8fa99e104587
G7467UX,X602766,79b1da36-bab4-4a84-ae17-0207604a3be7
G2921UX,X602776,3a35bf28-49e6-4ec5-be74-64f9d7e6278d
G2278UX,X603027,7444e63b-2f93-4e54-b9d6-4f573c82bf29
G2501UX,X604344,d11a057e-9d3a-41a0-8ff0-15f442153e40
G5608UX,X604371,f02a6b18-a633-4034-ad72-e499408a1300
G5358UX,X604411,4af24245-52cf-4c91-8fd6-1ce07578d7aa
G5825UX,X605063,e1a96d02-6abf-4e8d-b7b8-8b416e347ac3
G5454UX,X606665,559a8d3e-9813-4d05-be43-36bacc45021e
G5396UX,X606939,3bbf4ca4-dc0f-4764-a512-e37fc09c37c2
G5798UX,X609123,3509f655-677e-4810-aa9e-0defe152db14
G9629UX,X609294,7f515eb1-1bee-486e-a40c-c8daf5e6238e
G9191UX,X610176,86e69b39-87ad-4b97-b2d6-bb4a58010814
G9293UX,X610836,86ce3038-7621-478f-b184-18269ad79aef
G9461UX,X610960,7adba682-81a5-4e6a-8f83-9cd4c9aa8322
G3355UX,X612305,8c5f588e-bc82-4674-9afb-cf2af43d5dbe
G3583UX,X613721,33efb282-1879-4b63-aef2-c8cc57124e21
G1944UX,X614281,258bd0ee-1c90-4bfa-bf63-ce0fa6658dca
G1702UX,X614292,e16e3b01-9eed-49d6-a577-f6bcb510e2f2
G7958UX,X616606,5f0d8c9b-c38c-433b-ab05-86a00567dca8
G3876UX,X616633,0748ea55-265b-48db-95ea-3d7fd96f645e
G3505UX,X616659,8a91d8f1-7b1f-4918-875c-d2ac4d61645b
G7351UX,X617254,bf54f513-93cb-4347-92a7-f62d5a2ec803
G1512UX,X617880,c1dc611c-06ed-4533-8337-08068a32992a
G1528UX,X618576,87400cac-9aff-495e-8dcf-4a0dc15644a8
G7564UX,X618595,5422efe0-a327-4ea1-a4ca-9a385e087ab2
G7294UX,X619163,6cd98490-7f5f-406c-a715-c15fb1450752
A4321DZ,X619214,d2ad458a-31d4-4dfe-b553-1a4774da8311
G0809UX,X619293,2b1a899a-cb4c-47d5-9b8e-918603375048
G1570UX,X619318,596ad897-8f98-43c1-b6a0-557f31ddb804
G1199UX,X619952,060352f6-1086-48b6-9e19-dfa7e11b99ac
G3559UX,X620064,8411ca43-1519-418e-9599-0221c8104c6b
G3530UX,X620134,932c5a7f-738a-4291-8d74-440b4359dcbf
G1750UX,X621012,de05809b-e31c-453b-aebf-b20553b6491a
G1979UX,X621175,47f19e59-2a21-4b96-ab30-59f8b178b150
G3877UX,X621273,aa90890f-5f40-45d5-855c-ec4ba8c8249e
G7814UX,X621278,2a7ead1a-ce44-4c54-9dfc-8521474a0ade
G3988UX,X621836,6f199eae-9e08-41b4-a705-416945e13690
G0260UX,X621960,b8394cc5-ec7d-4d3b-8f94-dfe9343aa28a
G1445UX,X622042,0b13fabb-75e2-4b48-b071-f3926d7b94ad
G1897UX,X623564,33e019a5-0c2b-4573-9ac1-18bbfd2afcc2
G0990UX,X624167,4333c29d-7401-4842-ab99-45573b91c9b6
G7656UX,X624178,382221bf-05c4-45d8-ae51-b1a45666565e
G0648UX,X624189,2f655f4f-cf2b-4317-b55e-fe6da7c31a01
G0322UX,X624234,335594a5-a515-4b50-a533-29fad63700bf
G1937UX,X624651,40f4587e-29f3-48b2-8320-82d0c8a9a3de
G3228UX,X625497,fbda1a99-5ce2-49a4-a6a7-03ef43fa8294
G1314UX,X625422,f7b07d49-ecf6-4f2f-a872-23ace169049a
G0133UX,X625423,bf38abdf-b2be-494a-9577-b200a2705a7b
G1853UX,X628041,c1bc4afb-1931-4ef6-97d4-b62546e321cc
G3023UX,X625619,b5928c6e-1473-45cb-ab61-3e68d439d0ef
G0844UX,X626080,4fab2173-96b2-4305-8508-e9c53c55537c
G0762UX,X626744,797a90fd-8e10-4f40-98c1-570993e4d889
G0098UX,X629665,5f38fb9d-6b49-4522-b38d-6f8bf93b48e7
G3274UX,X628630,7511c879-550a-4832-9a56-6b9ca8a6af3e
G0409UX,X629160,27b7fbf0-a36b-41eb-b3a5-e0f93b25580a
G1759UX,X629188,d0f2ab3d-30cc-4748-8306-ef8345074256
G1678UX,X643947,c8fd56df-165a-44bc-adcc-88efaab2755a
G0057UX,X633141,68fb81e9-2d94-4140-b1db-3188d552f16e
G3429UX,X633152,cc234aa9-1175-4b39-a7c2-da1d49baf74a
G1281UX,X633721,229cdef8-c9dc-4860-9c57-28b9b688dd15
G0893UX,X633726,9e78a7a3-8a0d-4f71-b626-fca0b490ff97
G3937UX,X633837,dfde9d15-ebda-4d73-921f-25cff5b27e3b
G3621UX,X633863,7ba79cea-ec4d-4d7e-b570-e5e4d473069d
G3090UX,X634450,3f1d13ab-b7a4-4eeb-94f2-46c95c291290
G7597UX,X634521,b80e949c-1639-48dd-8755-4b061ab0a15a
G7582UX,X634565,18f0c4c4-5b25-4f88-bf18-02d08306806c
G4595UK,X637113,46e098a2-9ef3-4721-b4d3-9dd08bee8465
G2486UK,X637881,ef66917f-ac87-42a1-b1c4-dd251a9dd01e
G8623UK,X637891,3ed9a6a7-9c79-48da-aaee-ec3a03256def
G6888UX,X637943,2a046f57-4e7b-4b55-a946-8db6a4961e9f
G8092UK,X638003,618cf7a6-5bff-4759-9cd3-f8ee06e127cd
G0302UX,X638013,3c54a40a-9b7a-4eb4-a75b-af91aeff5031
G0521UX,X638509,1364f4b4-c5ae-447b-be16-f075b8b76dfe
G4694UK,X639075,ece384fc-2ceb-42a1-a9e9-532714ba2c25
G4217UK,X639085,e794b509-446d-4573-b76d-fbaae19b7d3c
G4784UK,X639261,255bdb52-6d6a-43c6-aad2-c9c93ca76ee8
G8088UK,X639310,4f1e7ded-b007-42da-9d2d-d348eb410511
G8238UV,X639377,ac04c8f5-cdc3-4078-9f41-33de06534910
G0655UX,X639989,9d1854a6-c76d-4e7f-b978-9f82301f3f85
G4543UK,X640188,cbe8625b-fccb-4534-aaf8-1fd672dc2482
G4387UK,X640270,4e9b6200-23d4-4af8-9ce3-16c70cf4b304
G6529UX,X640461,84cd1465-6adc-44fe-9690-078f52d0aec6
G6603UX,X640565,ad5f33e9-e724-4d15-87c9-6a3e2f50917e
G6179UX,X640657,0d593b6c-1ffa-4a75-9008-1ea15bbed813
G8820UK,X640978,9d33bc74-e64f-4dea-b9a7-ad0c898e0fdb
G8719UK,X641004,f72661b0-883a-47b6-8b7b-5ef27f93bdb8
G6306UX,X641084,a949ecb9-f21b-4e3a-ad16-3a8be1c4ddc1
G8217UK,X641153,b538f400-467d-4cbe-ac92-64cb7035043d
G6970UX,X641183,f7a84705-456f-486b-a5fd-369f1cc0605d
G8005UK,X641338,76a68281-d529-41d9-be91-f5e82503760d
G4827UK,X641528,7d082fd7-bb62-4589-a3e8-28a6996aa2d0
G4361UK,X641558,d701f9ea-475b-48a1-b109-e14294f1ece5
G6755UX,X641584,2fe6e31e-6f30-47e9-8d39-2ad8600d59e8
G4327UK,X643540,113657ce-5062-4fa0-9425-e61249274d28
G4382UK,X643588,b23c6a83-b284-4f3d-853a-86f93deba966
G8781UK,X643953,75209ead-a24a-46a8-8e70-846036a941f3
G4048UK,X647213,ad7cd5fd-527d-4653-9ad5-38d8b1f2bcdc
G6174UX,X644114,6309e5b6-3e7d-4bc4-be43-23a97c3579ba
G6211UX,X644119,78d068f7-69e7-42e3-bad6-75011723d97a
G8634UK,X644177,8382aa68-aa3c-4ed4-ac0e-acb24f6e91d7
G4291UK,X644201,78d247b9-da85-4849-8a3f-fef5fb595d70
G6466UX,X644761,27463de0-b8ba-477a-9e27-80e09e3964b8
G6171UX,X644820,33c7687c-7357-41c3-964e-b86e9c315b71
G6136UX,X645683,67a189e7-5073-4303-b55e-a46f72f2680d
G8952UK,X645714,7f7f332a-5147-4aa5-8eb5-200182505d28
G8407UK,X646961,45bf53af-679e-4233-a105-4c0d79d19a7f
G8093UK,X647089,9d2b355f-4df4-48d9-92a3-9b0b0090cdca
G6278UX,X647216,e47afc67-97a9-4bc7-b6d2-1c30c144b6f2
G4864UK,X649316,de156985-4ed9-422a-aa6d-71426cd33e42
G8342UK,X648285,bd9c7824-1932-4627-a4f5-3d5591089b30
G8549UK,X648310,58d47502-c84e-436b-98a5-9f879b81034a
G8215UK,X648486,74fbf19f-3416-4c84-bb47-87ffc6db765d
G6869UX,X648497,3f0e565f-d32c-44ab-9fb5-9c62e48efabb
G0148UX,X649219,5c403506-9cec-479c-aec6-5b959177f81a
G6996UX,X651568,6b1295cf-5c0d-4b3a-95d9-b38b17366281
G6712UX,X651572,f6101a8b-f991-48b9-a4d3-98b6868a8837
G6288UX,X651836,ac7ad3c2-33bc-4eda-8abd-1a81c62805d1
G8123UK,X652380,bc5a8e2d-0b37-461e-ac30-f08cf0ea0124
G2059UK,X652665,78d247b9-da85-4849-3a3f-fef5fb595d70
G2741UK,X653101,3da7c06c-72ea-4dba-b917-6945e5d4e720
G4456UK,X653108,1ad51894-94fd-4e31-b137-dc91453eac65
G9420UK,X653123,cc096ad1-6a95-409f-bae1-2713d89477f2
G4248UK,X653647,f25b9308-e4bf-4314-baf6-da76c80c8c41
G5323UK,X654891,740125ff-7ab6-4df2-ab79-e77c5fff9121
G5371UK,X654894,20f90037-d4d9-4e90-a31e-80890f89dbf7
G4332UK,X654922,462e2233-823a-4fba-8c20-8f710df45bd9
G4314UK,X655157,dbd22181-1c6f-4c51-be32-21459c01540e
G4561UK,X655649,1e483280-eae1-4c90-a4f8-93a98ca5da3a
G2416UK,X655662,1904d02b-f655-462a-bb77-c4834d0127e2
G7444UK,X665751,c72ae18f-9e14-42a6-988f-d3c7fcbf72b0
G5620UK,X655849,5d7fb1b4-244a-44cc-919f-5989c98e7c25
G5196UK,X655863,26fb8523-0b18-4a59-9da4-25fdf9221f94
G9917UK,X656611,6d097a22-bc55-4154-a939-03a07c9ae385
G5373UK,X657071,34ef978b-a4e2-47db-9f42-1f981dd8dfe8
G5424UK,X657098,ba2e7ff2-e7c9-4237-83c5-fb13fabd2dc8
G4244UK,X657117,a4cefae3-7397-4496-bcf0-526ed17d8d48
G4613UK,X657749,6b4726b9-3436-4b9b-9193-24b663851fcb
G5177UK,X657769,7ed90936-4cf1-4cb1-a54c-342a40ff7a75
G2723UK,X657781,b491b685-4e11-495b-83cf-c1354969238d
G2120UK,X657785,3708154b-a933-4fd0-9081-1f83729d0075
G4914UK,X658993,2036998a-7a80-485a-94fe-ee63c56dd7fb
G5290UK,X659019,54dc910b-5580-405d-b173-f35d5affed4c
G5461UK,X671074,ec323a97-a497-47d8-af22-ea9ceeb6d62b
G5109UK,X659930,2bc494a0-5bbe-42f5-859a-75133f4f105c
G5208UK,X661366,78d3f4b3-1150-4b2c-a935-c1e59073f7e9
G9811UK,X661422,12243731-64df-4fb7-b235-75757131c431
G2552UK,X661423,f48b3145-51b0-4660-a7dc-670a2c01b25b
G2067UK,X662214,35bd5314-c283-42bc-aa61-05c571b50fcd
A5865DZ,X663947,781685a1-f27b-4a90-8b5e-b2af242a190f
G2844UK,X664017,916613a7-d096-4f56-9b3c-95dc3b0d2a0a
G2314UK,X664581,f5094847-076d-40e8-87aa-b0afa1fe83f0
G4297UK,X664585,545939f2-1d0e-4234-9842-ce2d62676dfa
G9017UK,X664593,d55929c8-c667-4c9e-9d25-5d55ad24032b
G9165UK,X664691,cbaee426-8d13-4be3-8c73-ae8a60dec2bd
G9217UK,X665300,dcf7725e-6cdb-4673-926c-fb0ec39c8677
G5455UK,X665391,1f289f77-b141-46aa-858e-c9156a0e2def
G2553UK,X665595,c1001d21-8f91-4a46-83b2-2103b18608ec
G5200UK,X665926,ea20057d-a673-4aab-b3ad-7f9a54ac7b9a
G2110UK,X666071,90addb29-3189-4a98-934b-5e56a21e2e7c
G2762UK,X666312,d8e5ec23-04f4-4515-92bd-f3ef612eee5b
G2726UK,X666316,de15ca15-a378-459a-bd64-ddc3f3e267d7
G2330UK,X667626,35f468b0-d65e-4d9b-86bc-e610c34ba628
G7864UK,X667722,e6516d5a-027f-470c-bde9-8a7cec464e28
G2149UK,X669712,1c0625b5-92b4-491a-bc4d-c0f83e013a21
G5394UK,X670791,d461bbd7-ec5d-4316-a42c-806e48e89d04
G5659UK,X671559,d6cb3a41-d730-45e7-be5a-d8e1bf5bb0c9
G5669UK,X673153,95f78d4e-8f54-4db0-9915-aa304aa83657
G5601UK,X674298,f51f0689-481d-47ea-9ea8-30761483ec09
G2117UK,X674519,72b52098-8e27-4c93-b1b1-7dd97812fa7b
G3717UK,X674613,5527400c-19ab-4b1c-9607-4b8d0fba467c
G1892UK,X674806,c17017cf-8f9a-46f8-b368-48212d967993
G7598UK,X675230,2b7896e7-af59-4b78-bdd6-81e508ffb5dd
G7955UK,X675259,e86dbf48-7715-49ee-b3fc-9a4176b63849
G3817UK,X675900,bbe340c2-8a48-4b5a-b90c-b0d7a126abe5
G7693UK,X676616,877a8384-92a8-4d4f-88f7-3657447286ce
G3575UK,X676615,a5371a6b-9b0a-49a3-8b74-04fc4cfeb380
G7949UK,X676671,09af10c4-4ba3-49f4-bafb-62dc7cadba95
G0501UK,X677256,0e896176-370c-4aaa-bee4-63e2cdd3b2a7
G3757UK,X677301,4127d725-7a32-4cb9-9643-95d9085d2a6b
G7072UK,X677304,4f196674-4ff6-46bb-a779-6c9c27b4ffbe
G7088UK,X677332,1a0e054a-0652-4665-b47e-4a6b9b70dc74
G6480UK,X678723,e5e327dd-278b-49af-889f-5f6a8f14e52e
G3928UK,X679233,42f4b3a6-4e85-4220-9537-0c543be841ec
G0379UK,X680276,7794694e-269d-4481-afab-3ec68329d8b5
G9718UK,X680970,61f4c824-3e0d-42d6-8a33-d3bbd4807b77
G7912UK,X681815,451a4dfc-2546-4270-9867-6d8d6bf28c37
G3812UK,X682610,58bb6cc5-d2b4-431e-a0a5-eb14cd855233
G3904UK,X683295,b39670c1-ebdd-42aa-afcb-6a52c608a661
G9760UK,X683339,088de95c-6f69-4b85-965c-7c74cd1a5294
G3992UK,X683426,ed5ce962-0ac6-4c10-8abe-249068e2c03b
G7135UK,X683446,fe047053-b308-44a5-9a82-506519f0c024
G7776UK,X683485,71795141-d6a8-4976-b6f5-9facbf655874
G3964UK,X684165,4111a737-5392-4550-b1f6-b7a4fdc5c921
G3253UK,X684219,10696e8d-9459-4e7b-ad71-429adafc86d9
G3505UK,X684268,43edcabd-c314-40bc-9518-3f0cbaac31e9
G3319UK,X684945,b6649548-7fec-4c02-a2f8-a6842cfcf29e
G3772UK,X685549,2b505f80-1779-4f60-ab07-12f73381a5dd
G9747UK,X686043,9724d72f-fdba-4ee5-b771-5aada5c284c2
G3364UK,X686504,c03bd801-ee8e-4519-a79e-d822b0a0e632
G1405UK,X686706,c624102e-43a0-45f2-94cb-af4f3f63f707
G3775UK,X686770,9433fac5-ba24-40ea-ab95-ed84e3cfa824
G1967UK,X686794,5250647a-cb93-4a98-af36-11e3c7b8d112
G1380UK,X686871,6896c98d-1176-4b43-84bd-28678dcf8e1a
G7447UK,X686945,f97e1a87-2e55-42d9-a5c1-7577a9efc91e
G1833UK,X687029,af54f513-93cb-4347-92a7-f62d5a2ec803
G9532UK,X687644,3ebdfd30-662d-4168-a339-4eb7d8eba01c
G3603UK,X687726,b35363e9-b3c0-474b-b9ae-6953fe486728
G3119UK,X687748,4f75351a-806d-4b62-a77c-e3d37950f83c
G9975UK,X687798,dcdcee49-caf5-4365-ad5d-387231f9849c
G9793UK,X688063,6eeeb897-ee7b-492f-aac4-0454f2bf6d91
G7858UK,X688085,d672f2f3-af0f-45ed-8730-4bc240068ddd
G3779UK,X688103,ac24a1be-939b-49a4-a524-21a3d228f8bc
G1726UK,X688131,982e0c69-3ca6-4d60-a4ee-aa7c83e57b6a
G1541UK,X688165,f50ef314-71e5-4e42-80a2-374b03bdf601
G1338UK,X688199,228f94e3-49de-4c80-9f2b-443bce7b2950
G1365UK,X688215,2cca4538-299b-4707-bf76-f6b4eaea9203
G0496UK,X688235,523b727b-7760-4f93-ae76-ba4b60260913
G1043UK,X688259,b23a7dac-ec06-4a58-8b41-6363e10ed963
G1416UK,X688295,8c602150-5b5e-42c8-b01d-ae9eaa890eae
G7402UK,X688402,8509e33c-fda8-4b18-8196-ea08c994f0aa
G4383UE,X688406,cfe2ece2-3d02-4880-aab9-99d9ec8521eb
G2865UE,X688488,2ed81d2e-28ce-45c1-b0b5-24b313a49779
G4284UE,X688573,080049ef-811a-42be-b499-722d55336843
G8755UE,X688684,0d984969-1b83-463d-99e6-5aa8d1449130
G8467UE,X688699,0dac4f96-be37-4b9c-aba1-25118e590317
G8948UE,X688767,b8f242b2-1f4d-4067-a877-3fdf2e303d96
G8283UE,X688778,17c2cded-f5db-4ac6-8819-316c6cbb9c80
G8961UE,X690244,9e549260-d0ef-473c-891c-9f84315153b5
G4824UE,X690352,9f9f3d07-0f59-4aee-baa4-523be99b2e0d
G4486UE,X690456,31eb67a6-674f-4369-ac0f-1f45ba702b9c
G0534UK,X690541,cf54f513-93cb-4347-92a7-f62d5a2ec803
G0610UK,X690601,92cd94e4-18e7-42c2-bc95-637f09b05246
G4872UE,X690874,f0b569f4-500f-422b-8a3f-e5c5fe981b08
G1195VL,X690880,123c851b-ae9f-4b9c-a257-5857fece1a68
G0241UK,X690890,bd304b37-08aa-4e9e-b1fd-8bf0f2e965b8
G6166UK,X690968,6ef2a0bd-54c6-4322-9ced-8535a4009d97
G6508UK,X691046,fdf1585b-4919-432f-bd2b-1b0e96caace4
G0294UK,X691488,fe507866-48bb-484a-9c87-ae2b93a17742
G6876UK,X691705,469f4bbc-9674-42f0-8951-a9a262783bb7
G6052UK,X691745,8b3a0f92-4eb4-43c7-bf17-eb8b795581cd
G0142UK,X691833,b9503977-20b4-4ac4-b89e-91a1cf08f581
G6755UK,X692473,377f0c52-5d5f-4a1c-ae35-4d48ee806d8b
G4622UE,X692484,ef6bd28b-bebf-4cd3-9c17-aba798327c9b
G6571UK,X692513,23e73bcb-4b01-4387-a78d-b1865e1b633d
G2854UE,X692670,0c92782b-945c-4dbf-91d1-ee31f473fb91
G0266UK,X692716,b8479ce5-70aa-4ddc-a6f4-21d5fa01fed8
G0906UK,X692749,7f0721a7-633e-4958-afd8-201f5d37c8de
G0705UK,X692816,5dc10f8f-59eb-42a3-b817-269c6ca61c09
G0900UK,X692871,5f71a6da-2076-4175-a2ce-89d37cf1c7a7
G4270UE,X692931,7d29991e-f19a-4beb-bb1c-b43020f7de17
G6303UK,X692932,2a438e37-0154-4284-b01c-1ed5db872bcb
G6203UK,X693184,8ad93fb7-897f-4ecf-95ce-e7b3b8b6229f
G6096UK,X693725,f3a1b97e-3d22-4d7e-994b-a9d53b4573b0
G0957UK,X693788,37628831-0c1b-437b-9f1a-9300dcba793e
G4984UE,X693792,d7c7df47-fb8f-40d0-8bbb-2e5519d7f9a4
G6706UK,X694180,f1c171b3-171a-43ea-ba8c-ad2dc78a1f22
G4356UE,X694529,56aa1a38-495b-4214-b7c7-efdf5d786d14
G6576UK,X694628,d5e36f97-2cd9-47e9-bba9-cf5979ede7d1
G0037UK,X694691,172173ba-4f64-4b67-ad68-ba426a124b43
G0202UK,X694710,8402b179-0d4e-4f49-b916-3f7d4de03d07
G4347UE,X694815,1f81d335-8eef-4976-82dc-db9866cb116f
G4606UE,X694975,7eb46db6-9e6e-4552-b89c-a113239c51dd
G4346UE,X695042,f39170d7-1433-43a8-a6be-4ad3b626e72a
G4710UE,X695394,35b0aef5-5630-4518-8d4e-081170f03fd5
G4548UE,X695396,86257b95-13f3-4c60-86f5-6279cae77785
G4374UE,X695609,0d5e3f0d-8a6c-41e1-9f42-09feeb495fe5
G2896UE,X695624,cfb951d6-604d-4d9b-90ee-9d5a2abcbbc9
G8170UE,X696215,1acb7ab7-0bc2-47d7-b06e-5409ba6523c4
G8668UE,X696217,19e79d2c-79ce-41cf-8fea-d4a1f897d295
G8032UE,X696225,ff263adb-f512-48ad-83de-6bd3499699b9
G0138VA,X696311,ef452410-7736-4682-b54c-e370661e7ab7
G5732UE,X696385,521f6358-573e-4076-9511-98e820d9ac08
G5741UE,X696389,bab9028c-b8c5-4b7b-8ddc-d27fead3fa6f
G2570UE,X696449,f56c7b22-906f-4c15-834a-e6f0929f7175
G5998UE,X696571,cad8cc9e-c2f5-456c-9466-c3fab7060207
G5234UE,X696638,3c46b6e4-2cc3-46ca-9e7c-e9adf167361c
G5385UE,X696659,9bc909ee-b81a-4e87-b649-7e9303e14c09
G9256UE,X696814,8b3e6714-dcb6-40d0-ab9a-6ef321a181fc
G5189UE,X696887,22e14f45-c979-43cf-a7b7-67af9130c43d
G2720UE,X696895,61e36f10-5224-4cbe-98ce-eeb33b798c38
G9770UE,X696899,072e8793-cc65-44ff-b083-01777ee42193
G5781UE,X696938,d2a82e86-b0fb-497c-b478-5162f12ff33c
G9548UE,X697009,c6b4efbe-ddcd-4695-a598-e55ff318220c
G9768UE,X697047,5fcc9a8b-7752-4f35-a7f4-5e74e82457c4
G2576UE,X697108,2d7fd35c-1dd6-4fc3-9371-62c76d2aa713
G9258UE,X697147,0900f82f-73f5-44e4-9b3d-a76e0c243ba0
G5590UE,X697165,bd067b86-5ad9-4a07-b2cf-72d8d5c61349
G7465UE,X697208,12573f8b-2e83-43ea-b6f3-f2044cb95193
G9908VA,X697380,16efd687-79a5-4eb9-bcb6-715c0bdb9653
G4659UE,X697925,05adf3d8-0b7a-424b-a2a7-19db82eaa65f
G2657UE,X698100,fb9b136b-360b-4986-8c3c-6c48bd76c97b
G2965UE,X698190,ac9166cd-a67e-4b56-98ce-fba6621708dd
G2261UE,X698281,1ed8cc05-012b-459e-9069-a35a3568f5c9
G5030UE,X698492,a764cf50-2a94-4abb-afc4-2d28037d4306
G2637UE,X698504,4c1ca6cf-b28c-4fe2-86cb-4c6d21f9a23b
G2678UE,X698565,75437fc8-369d-4a3d-8896-4c15c485e66b
G2058UE,X698569,60b1da08-31d9-4be0-a30f-32d8310443f3
G5259UE,X698591,e4779cf7-82ee-4be2-b463-6dea22ef3196
G9433UE,X698814,ae4072b3-5a4c-40ae-9435-b2eabaae4daf
G5069UE,X699863,e1b45e03-6d9f-4a2a-86e7-f323a0964994
G5205UE,X699873,e0d2ccfc-5c7f-48b2-8084-6c4312a7a1b2
G9868UE,X699878,43fa51bb-d0f6-42d2-be84-d19e42d6e37f
G5301UE,X700413,81fcb000-5f54-4a51-a01a-2aadf016fa5a
G2658UE,X700459,ce46cd7b-007a-4726-b44f-1142706d55b8
G2173UE,X700582,9ac5bb08-3b3d-4a2b-ad8c-b3ef26dce336
G5193UE,X701617,9c4b1868-1bcb-46c1-a8ce-c6c9bb838fed
G5913UE,X701817,36ade050-c6b4-43cd-9326-199bd57add1b
A5638DZ,X702062,80290d57-f658-49e6-82bd-9f6817fdf063
G5601UE,X702533,68ffef96-1960-4bee-88fa-fac28712e483
G5557UE,X703113,b89e4da1-5443-40a9-abbe-df7ace8b7180
G5556UE,X703825,965dde62-325b-466d-b4b8-79ab8c4956f3
G9463UE,X703867,efc1976d-744d-4b41-bcc7-6d20762b13d1
G5931UE,X704098,aa3940c5-658e-4663-b3fd-442032350789
G2630UE,X704134,0a79f007-3ea7-45da-8a47-4b155423866b
G5475UE,X704362,27dc89a5-6e53-4685-aee3-427d216e7ed6
G5309UE,X704648,48c5de23-e3f2-4b72-89f3-130c54851771
G9457UE,X704661,a8dffc32-6124-4259-a47b-8c9b2ecab3b4
G5704UE,X704730,474c7995-df71-4ae4-9af8-f017efce2ee6
G2377UE,X704764,441a4264-2b34-4606-b374-b71dfa1d6c24
G5641UE,X704807,0b55707f-2d89-45a7-81aa-fd1785fd12e8
G5053UE,X705005,b1d6f6d8-0f35-489c-87e2-bbd5e516f557
G2364UE,X705022,7ed636b3-2ef5-42e4-9850-a79d282929a0
G2632UE,X705840,92660292-080c-406d-ae57-558981756d3c
G5855UE,X706008,7ce2315e-c3bb-49c9-9f9e-ce91e09e684a
G3700UE,X706516,bdc3a611-6e55-45e7-9e3e-e73fcc63d114
G9987UE,X706583,9b89837c-1d15-49e7-b361-b42f3541ba60
G7219UE,X707345,0b532537-fa68-4283-bae0-66303cb68cbd
G3473UE,X707374,e1649ab1-f5b6-4ca1-aaa9-2dda7afd8d2f
G3820UE,X707464,d24bf650-1fa2-4593-b1ae-651c03071642
G9259UE,X707472,c7f05186-8dfd-4c74-8c58-c5f13bab717a
G3532UE,X708124,d168fd2b-1ea7-417a-b393-bd13b59aa0b7
G7354UE,X710326,6aa07b3c-429d-47d0-86f8-b6356bed0e7c
G7903UE,X710360,1bcdc106-c7b7-48bd-bac3-5365f906db87
G1458UE,X711062,49b82446-db37-4fb6-92a5-4e97202d1fb1
G3263UE,X711220,f93f85b1-1381-4c65-811a-d2697759a816
G3028UE,X711295,5b7fae39-d6f7-43e8-99aa-18841863be5d
G7732UE,X711481,19441988-7f93-428d-9e28-fc298e809c41
G7140UE,X712699,efe11302-f2fa-4f3f-94bf-16d4c980f3fe
G9569UE,X713066,506f7d9d-04f6-4c49-8490-21e5bf8e6236
G7076UE,X713608,e3753793-5346-40a5-8315-9dc806d024e9
G7427UE,X713626,3f8144f1-a123-4ce9-a22c-a01146542602
G3454UE,X713649,583f90ab-d3b3-407f-a8bc-dc06e82cc25c
G3449UE,X713693,39a26add-4640-4329-8d28-8ba7d175d9c4
G7855UE,X713729,557e5950-2aea-4251-8815-aee45a281608
G9142UE,X713820,861eb112-592f-49c7-885f-e5cef929c11e
A0018DZ,X713941,e23d3233-03ba-4437-84f2-f2932ed792bc
G1860UE,X713965,52b151a2-3917-4c22-8f33-da5e5eae6231
G1939UE,X714134,3d5d4636-efc2-41c6-aa03-2d1020467311
G1460UE,X714174,4cafd26b-ee7b-40a5-baae-7fa5a17457f2
G1740UE,X714289,91ff0baf-61d9-4a54-9ab0-8590e24f0261
G9783UE,X715672,3868e521-94a5-4110-bb4e-eb07369e00b2
G7382UE,X716245,18b24a94-d2b6-4346-a03d-3e7e9573afbd
G7728UE,X716294,f302a3c9-f435-4312-92a4-ca7d8b8e7aff
G1735UE,X716998,8cea216d-ad3a-4b48-ac8f-8d87082445b4
G3156UE,X717169,f20f43d4-5517-4121-8948-d20b27d5b56d
G1897UE,X719865,6986ee8e-e7ef-4aa9-8c84-7dd3b9456d75
G7301UE,X719881,478ada34-3fe9-41f6-bdb1-362609f73087
G1065UE,X720002,11dd6549-3311-46be-8d9c-946222a69dcd
G3930UE,X720106,d0bb7e31-b9f0-4d15-b15c-3a7cf4825d7c
G3617UE,X720214,18a83d2f-9fe9-4f5f-bdb3-934ecfe4770d
G7680UE,X720294,6749faef-5e81-4935-8cae-0233f39c4edc
G3625UE,X720300,dde26cd5-53f1-43a5-849c-8c01c2cf2441
G3635UE,X720975,c0c533bc-24bf-4859-b9dd-d40d52c177a7
G7359UE,X721827,90c8ec79-7447-4b17-be18-6f8eea2d58bb
G3162UE,X723036,205a270e-bbe5-4652-8c3d-00d984afa837
G3877UE,X723245,b01c95fa-5353-4083-b11a-c9de2510255a
G3124UE,X723244,24606b42-e293-492b-963e-1f6c1758f28b
G7295UE,X724620,96c3fcf4-08d1-4763-a1e1-5fca8a1c7d4f
G3048UE,X724734,a14850f1-60c6-46e2-b930-e27912339eb2
G3023UE,X724838,a8917f74-8a2e-4227-9869-deca5038fad6
G3128UE,X724923,13a195c0-718c-4312-a02b-688528550396
G7958UE,X725032,6a240e44-73e2-4376-8b41-073cb3923f5d
G7185UE,X725232,f0bb0d90-30ff-4f09-ad66-c896d9c00965
G7994UE,X725267,2b08ce0c-6f85-47d1-b4b4-ec3edfccee15
G7309UE,X725285,313b8728-427b-4905-8271-e111f0d5d365
G0201UE,X725287,d3c77d72-ff59-4eae-9b67-fdd819b274dc
G0552UE,X725417,231bd3e1-9b90-431e-87e8-5239a1cba39e
G6433UE,X725522,0f428cc4-bdf1-4867-82ed-54e1122db686
G5585UF,X727006,d9bc3d3b-e917-4c17-a47d-6eeacffb62d8
G8481UF,X727015,0d99a17e-9904-4ce3-b6f9-cdff5b674b1c
G6966UE,X727418,59b3ef77-16bd-444e-aef9-321f984a3e01
G0845UE,X727610,824983f1-ee36-4488-86e8-a4ab1523ba14
G6662UE,X727655,e20590a6-912a-4756-b770-068c9388851b
G6022UE,X727714,ac24a1be-939b-49a4-a524-21a3d228f8dd
G8495UF,X727730,54904711-e26c-44bb-9f87-006cb5b88c17
G6606UE,X727751,3098ffd9-2f73-4b97-8f2a-433e0d86e1cf
G4885UF,X728688,5d0f2c14-2012-4dd8-afb7-05082c790fd7
G8846UF,X728690,b514fe0e-6c56-463d-be2b-c2d1ca40424e
G8635UF,X729744,288c600f-b391-4bbd-8dbc-7ffcf2a5a973
G6957UE,X729818,ac24a1be-939b-49a4-a524-21a3d228f8ee
G1969UE,X729905,ac24a1be-939b-49a4-a524-21a3d228f8ff
G1679UE,X730400,5eb4d1ba-833d-4ac1-a33a-309a7e2ddf5b
G4250UF,X731206,71400713-6d4a-4247-9b2a-23d41ec54fd6
G4402UF,X732059,4c8460b5-16f2-49ff-a741-99bf3f23bec0
G8909UF,X732240,b8a2c03d-eff3-4130-b96a-af04c8dfe1a4
G0493UE,X732612,8ae23ebf-0d3c-4a1a-a193-00a9eaf720d9
G8600UF,X733149,ed6424fa-acbd-4ff2-a27b-33de78c12c5f
G6871UE,X733314,64d65072-840f-4b4a-affd-0dfe623f1e79
G8592UF,X734238,b8827609-1d3d-4652-9dd0-c2433dc793cf
G8231UF,X734243,338bd86a-ae6d-4b2e-a8fa-10a2aa8164af
G4286UF,X734302,ac722586-a366-48e5-959f-fdbd358017d9
G1139UE,X734389,c824982d-e048-4f80-916e-03817d0446c2
G6989UE,X734891,9b00f89a-fd83-499c-a20b-b2df1ed53a0b
G1069UE,X734935,eefc9562-399a-4e7c-a92c-ead7573eb107
G8125UF,X734995,d706a5d3-83be-464c-8342-388f220038b0
G0472UE,X735620,64378005-4f5b-4ce0-bed0-fbfbe059ac83
G6130UE,X735656,f462be3a-1d82-430d-a3ef-38ad4455793c
G0229UE,X736028,1aa00e60-3e82-4feb-bd30-8eccb97aad69
G8079UF,X736308,ec9fa92b-3e03-4e5e-a82d-6742f867bbf3
G6379UE,X736485,0866d285-bd2e-4132-a32d-c4b7475aef4e
G8824UF,X736593,063e7e8f-0dc2-4b6b-812b-a25612fba35b
G1234UE,X736627,057dd098-fdec-47ea-a404-671cef860da9
G1652UE,X736653,2dcd9aed-c26d-422a-b3c9-6b21d8807107
G8898UF,X736875,a51c62f6-b2ab-45a2-b80e-30094c31e4cb
G0163UE,X736893,3efea755-0e7a-4a19-879d-b4117a47c726
G6560UE,X736999,9dc217cf-bd6e-4a4b-9f38-8fea3036e9c9
G0793UE,X737037,b5dd4e69-0f5e-4ff2-9579-52230185ada1
G0382UE,X737089,decb66cb-5ebf-43e4-af50-a1dfc16101d3
G0754UE,X737346,527ad3ea-d346-44f0-a4f3-23b7f1721fb8
G6462UE,X737359,ef459368-c17b-4848-8820-7bf6ebfa5388
G6972VC,X737383,f75c4e3d-2d67-4cf2-a2a5-7c6fb4980dcf
G0220UE,X737501,b87fa6c8-3238-4802-be04-1e4739b86c26
G6823UE,X737591,e88d795e-747f-423e-8732-1de551274b25
G0630UE,X737850,e02a9f89-e159-4eca-90e5-49d595858f0a
G6862UE,X737895,68343c3d-dcf0-4c06-bd65-56ffb604c337
G0902UE,X737973,e72c8c0e-4b79-4737-9b87-79fc4d44a575
G9417UF,X738012,e3557e8f-4a1e-4811-9b21-65913028db62
G5021UF,X738050,a5e1e686-886c-4e68-9fdf-874ad068799f
G5699UF,X738204,adc62da6-9782-4575-ace9-e7e850a38ac5
G2569UF,X738286,18be992c-4850-4e22-96c9-04ccb1839123
G4157UF,X738303,0cd46950-bde1-4155-9f68-eee4f2c9b821
G4055UF,X738322,c4fe07c7-1374-4d6c-8e26-139a8799857a
G4059UF,X738444,0238a29e-b65c-4010-9396-4b81c8baa9e0
G5752UF,X738539,0026e0e8-19fd-4880-996e-e30c882a5927
G8755UF,X738573,828d79a9-d03a-4c7f-82e9-157df21b2628
G5654UF,X738591,2d3f400f-e5d2-4ac2-8f3f-b436149de9c0
G4705UF,X738625,40f946c0-0710-4dfa-9bef-4e81ccf2f34e
G4251UF,X738636,2dc70406-e364-4619-85f4-ac677232e308
G4865UF,X738770,1d58e5de-b63a-4054-a9a0-bebe19903678
G9841UF,X738937,84e77a51-b2d4-4e78-989b-7f4eeb1b1bdc
G4397UF,X738958,9689118a-96ad-4436-ae67-ab25f5f9588a
G5911UF,X738959,736f133c-25bc-490b-9d35-c55741b8f2ed
G9884UF,X738984,980a39c7-f9f3-4720-99cf-c7d44abebb32
G4381UF,X739158,8ba28746-07e9-4757-9117-4a12268b4621
G5012UF,X739416,42f9eef7-110c-43c0-a3e3-bf9a14062b50
G2384UF,X739435,95022bc9-9940-4352-bbb9-fc5299977132
G9439UF,X739471,d7f01bf4-0fec-4aa3-a107-7ea95e47b9b4
G4519UF,X739498,68eb3803-6a1d-4d9a-a4c3-4272344414b5
G5754UF,X739567,68c41445-966e-40fb-b296-66dce58145b9
G5799UF,X739674,56ee65f5-4d17-4fec-856b-ea736807dce2
G4181UF,X739829,bd82bd34-30c4-41a4-860e-83d65149fd32
G9297UF,X740260,647122ed-5c2e-4f1d-94a6-8921021c3d97
G2184UF,X740643,8333f4d8-a88d-458b-9b96-52a7741d4e45
G2323UF,X740732,8efb0e12-280b-42c3-85b9-5133473bc2cc
G4080UF,X740792,8b452e55-3c43-4966-9766-81a770cb593c
G2541UF,X740861,1159b634-b84f-4447-95ca-0bd2d2339fa9
G2104UF,X740903,7d3992e2-80b2-4e09-a0d1-bacf10e19fb3
G5706UF,X740910,c347124d-38dc-4d8c-9e93-be794c80c59c
G2421UF,X740926,ea13a818-6887-45c1-9070-c7b4ce22cd03
G5117UF,X740970,151b3e6a-801f-4281-84e4-2168e94ec38f
G4334UF,X741019,4ef666ee-c8fb-456b-a290-9c09b9d5c40b
G4105UF,X741297,b9a91800-0f1a-4f88-b163-0727ccddd85a
G5948UF,X741398,0e1fa801-193b-4a56-8f3b-47796de6f27c
G5905UF,X741985,81996b1b-eaf5-4484-80e7-f63737a91485
G5572UF,X741999,2315fac4-c90f-4620-9bc9-c85c11f03233
G9413UF,X742144,f978818a-f52f-4bda-a05d-31a599dff3c5
G2736UF,X742207,c3bc7bb9-23bc-4e5c-ba88-0fe3893040bf
G5582UF,X742388,7a961eee-ae17-4de5-9c3c-4ed5ad594267
G9805UF,X742863,61bc5409-7045-4ecd-be12-42bfee8666dc
G5387UF,X743232,98481d33-1af3-4c2c-9ea1-11de00156342
G5216UF,X743442,24265792-cac1-4c81-8e7e-17cf7cf42af0
G2007UF,X743534,c2772729-0aa6-4f32-9118-acc33ef6639c
G5487UF,X743535,32610cf1-f76d-4bec-90eb-8a6ef0d693a8
G5366UF,X743547,1338197c-08b8-4a2a-941d-7ed9726a91d1
G9870UF,X743762,d01870ca-75cb-4ea3-8899-6cfcf9b09f44
G9411UF,X744032,9b647a0a-883e-4feb-b28f-11626222b982
G5325UF,X745476,b18260a7-f7f8-4f8e-bf7c-815e95912998
G5124UF,X745749,4715f792-6fc3-43e8-8802-5ceeacd9e7de
G9594UF,X745810,2620e603-5d45-458f-bb4a-5d38e18564e9
G1130UF,X745870,18329d88-e444-4cb1-bd94-00afbfe5c317
G3353UF,X745917,f53ebe09-a251-4bd0-a831-6aeecf37c9ba
G7945UF,X745968,85499bf9-7598-4a17-ac58-bd2ee9c7ae17
G9237UF,X746006,c70bb23b-7ef9-47ab-b564-2f5a239de9b9
G3599UF,X746060,7a07f999-703b-48a5-9819-c05057ef94a5
G0248UF,X746143,303915a3-df4f-4d0e-8428-f7e12704b1ef
G7950UF,X746276,2584f486-02d7-4470-8a3f-b65d5822ff7d
G1358UF,X746316,220b1a17-aefd-457e-9bda-b4228c27fc02
G3156UF,X746524,b14f1158-4541-465f-a737-8adc20bc33fa
G7147UF,X746593,0fc220e5-db5c-4e9f-83fa-d1e8b8d66a3a
G3818UF,X746619,6752a375-fa5d-4b13-ba16-c7750f9c22d8
G3996UF,X747218,f7e33fce-f341-43e1-937c-ecda1cf5e8e2
G3098UF,X747237,4cd945a3-e420-44b9-bf4e-a4af51ab6796
G3663UF,X747352,9ef25100-2704-42c3-a21d-591eb929271f
G7331UF,X747447,8e0a3687-06e7-476d-b3be-3fc2453e0d49
G1195UF,X747461,316621c3-ee39-44e5-9c3f-9d3f5c79bfea
G3630UF,X747467,813780de-1add-4292-b7d6-00053b7fe7f6
G3993UF,X747568,651c817d-c931-4480-a383-adbbec29b481
G7783UF,X747574,ec87fe51-9e56-4c8b-8fb2-efd248e4626b
G3487UF,X747712,8cc97636-0bc4-456c-ade6-6155fc5ddda5
G1925UF,X747798,41a0d795-6e2d-45b7-9f31-5d927c892076
G1098UF,X748044,067503cf-5112-4e4f-8671-694fb5799651
G9914UF,X748086,5785cded-54e9-49b5-9ece-c921ef5f3dd5
G9772UF,X748258,4c8a5e35-6fbf-4ec8-bf3c-a55410779ffb
G7243UF,X748762,456d4e7b-6153-416d-a97a-f645a5f88f7f
A9329DY,X748834,f3dc01a3-d6c7-48ec-b531-cde0675bcbec
G9572UF,X748934,d2c95d4a-270b-4a5a-9009-8b12e187c218
G3431UF,X749219,1896d4e5-a469-486f-b7ce-1ab847ad652a
G3891UF,X749502,c23117c8-8fe7-4244-a6a8-000fd3ddbd64
G9989UF,X749594,03766400-e07b-47fa-8b99-faf95384016e
G7398UF,X749680,55f4d319-c746-4fff-ab6e-cf7cd73b7126
G3270UF,X749739,d0ed4d37-cc9e-481b-9c84-8fd330bfbd3c
G3840UF,X749856,22c7fd34-d944-41e3-8cb9-f7c88a78442a
G3135UF,X750624,12eceb34-3cc3-41f0-9ba2-5ccf504ffb12
G3529UF,X750722,d7034a54-30da-453e-a09b-56a20b9c1c59
G7726UF,X750839,49e696ed-6a05-4441-b0c1-717678b1bc35
G1841UF,X750950,0901918a-db12-4582-aa10-4f5209cff8d3
G3462UF,X751278,7d203367-7b89-4bfb-bbbe-342e7fa78bd7
G9205UF,X751554,c3fcc970-074d-4097-afd1-fbd8a1bdeaa2
G1847UF,X751662,fe98c515-3b14-44d2-bc18-2a811572f4e2
G7638UF,X751725,dda5da78-7c02-4d4a-9a33-524b7294442f
G3026UF,X751772,379c4f93-6a82-4f65-b502-2e32b4afc482
G7690UF,X751865,dda1f8fd-1c03-46cd-9f1b-a821bc1b65ad
G9311UF,X751913,444bdb08-94cd-45dc-ac3d-a44cdea931be
G7796UF,X751946,c19b3aa3-89b2-4d60-a59d-29526fcde040
G9798UF,X751968,b69e87f0-5c0a-4654-862f-8a2d270c0adc
G1294UF,X752068,f6ba005a-785d-4ccc-aced-1e3a1236eb88
G7453UF,X752136,aa6deb2e-4d34-4719-abd4-ed448986739f
G9076UF,X752176,f99d8729-150e-4bdc-9548-b13ac1d2709c
G9624UF,X752292,01431d95-d8c5-4403-a9ab-89d59943c3a4
G3267UF,X752575,acab6e00-f87c-4487-b457-dcc6cf680bc0
G0696UF,X752668,281c2e1f-2944-442d-9b83-74ec6cd7edda
G8406UC,X752677,8b90a4b0-1da0-4c80-a86f-1e4be4b27630
G8216UC,X752685,9531ddc6-8c4c-456e-95d2-4936a65c221e
G8598UC,X752688,10af25a7-4295-4916-8abb-e1e7423d674d
G6619UF,X752699,a8a7328a-7e5d-4baf-a273-2e8ae79e3f7f
G8244UC,X752737,620091d9-7fb7-4124-afa6-3be1d7362661
G1145UF,X752767,47f19e59-2a21-4b96-ab30-59f8b178b155
G0449UF,X752795,8c2e41fa-78bc-4e7d-bfa9-4cdc7153c8f7
G9887GO,X752971,2c289ff2-f86b-4c12-9d83-aafccb165499
G6606UF,X753011,ce2d5ed2-f1c6-48a1-9044-21bcc172db79
G1532UF,X753143,7dbcf5dd-3e34-4b07-8a89-d5f2f9a2a07d
G0567UF,X753357,cc4ee081-fd55-44d6-bce4-759e873e114a
G6667UF,X753426,cf54f513-93cb-4347-9999-f62d5a2ec803
G6191UF,X753641,422aa134-8654-4602-ad0d-fe173d5b5786
G8621UC,X753875,e0682320-30d6-4d8d-a113-d0f31531ae65
G0834UF,X753962,7ed01c1a-13b4-499c-83bc-5fcdc9072d9f
G0265UF,X754071,23873220-4c4c-40fc-aed7-40e5cbab2eb6
G6483UF,X754261,8272d5e8-e24d-4f73-90d0-a73907e36438
G6496UF,X750857,7fab6554-0d3e-4ef7-805b-edb8c8050ae4
G6411UF,X750942,3f8e20fa-9a2a-4763-bfa6-24aa00967048
G6456UF,X754284,97569b0f-7ba2-4047-9662-6b0cdf36753c
G6236UF,X754369,d733223f-ad5a-47d8-af23-c5e8c4cc0576
G8608UC,X754473,40d2c835-95db-4ae7-89f5-9d7a68fef281
G6311UF,X754557,d1639c83-ac26-4cdf-9fb6-56cb3cd270f9
G6592UF,X754563,256e2aaf-3d85-4e6d-92bc-8b22e2a912ab
G4230UC,X754707,fff71abf-2fc2-434b-bc61-b10978276eec
G0068UF,X754854,3c798a04-551a-43b7-b495-201f43f757ac
G0276UF,X754981,ddd6c6fd-a519-48d8-887a-378184518cbb
A2571DZ,X754999,28c524a4-c1ff-4001-b551-b27b5910a5ac
G0174UF,X755055,f5769deb-1739-4fda-94a8-05dababea673
G0006UF,X755066,0d6e4bac-e30a-4179-a8e9-97584261e695
G6212UF,X755119,5b8a3c8c-688b-4f14-a4ef-85221fc7f236
G8165UC,X755216,2739a4e8-ca78-43d6-937e-b97c29b2e8fa
G0045UF,X755224,60a83b82-5f95-43cd-93c7-576234e2ec72
G8039UC,X755226,1e1dbb81-12e0-4d19-be54-31438acec3d7
G8556UC,X755396,3c5bb43b-740e-4a22-ad5a-c900d0db4768
G8993UC,X755399,1929584a-cf16-4db2-98b7-fd421838463f
G4822UC,X755410,6d3eccea-5981-471f-a5e9-8d6f356d2ce4
G8629UC,X755426,57313ade-1b60-4319-b82b-78724a98d703
G8033UC,X755441,cc6c531a-8a41-4ef0-ad46-dbbab23c90fd
G6476UF,X755480,0799f6e6-8096-42f5-954f-00fd79e59a99
G8933UC,X755523,38ccbee0-b2f2-4415-8035-c5f506997891
G2411UC,X755570,fbc68c69-3b49-43e4-8b55-07a1a608c69a
G6992UF,X755651,512b6df4-f73b-4b58-87bb-206e546c7c83
G8819UC,X755658,4e24f720-596b-4f4e-abe0-e15fc04fe088
G6037UF,X755943,27fc465c-cd3d-4a31-8980-d6b79661d5b7
G0937UF,X755987,83672195-9442-4d2b-af7a-cc882cec841c
G0023UF,X756076,fd1581b9-4f9a-407b-ae3e-e64c0ac2e7f7
G0606UF,X756176,2801edf8-6ea8-4326-a41d-9ac6561cb970
G0046UF,X756198,01130fb6-f325-4afd-a42a-55baa581f7df
G0128UF,X756218,e20d5004-a554-4b2a-8aa4-1ee3a2782d9c
G5663UC,X756329,caa90435-8a06-41ed-b58e-9bb3010fdf1a
G9409UC,X756330,2f307fda-1100-430c-a75e-5e7804cb1448
G5239UC,X756515,bd55a056-6e55-46dc-affa-a72a7b9cdd5a
G2103UC,X756601,048999c3-a4c0-4c6b-a8a9-31097550c747
G5742UC,X756789,e5e6927b-5c1b-4652-9ecd-d24f712be02a
G5283UC,X756929,8695e36c-a94c-4032-bad0-99c2bcf71f75
G9861UC,X757214,83e38030-383d-4c62-8e60-85e06784b669
G4548UC,X757222,3a3d8fb2-5912-4cd8-8dc8-980e1480afe1
G2063UC,X757250,70fcad22-63cd-46e6-b94a-9aad11c8f1ad
G4327UC,X757365,19295c7c-a20e-4532-a405-93e30b80378a
G4761UC,X757404,b8f0440d-9366-4f54-a653-097dff857154
G4025UC,X757409,be97b781-1e72-4f95-adc7-01017b7fbbfe
